,Number,Xo,Yo,Cut Distance,Removed Volume,Av. uncut chip thickness
S1_1,1.0,4.7,-0.0,3578.185,0.429,0.003
S1_1,2.0,4.69983,-0.040010000000000004,3555.687,0.8540000000000001,0.006
S1_1,3.0,4.699319999999998,-0.08002999999999999,3555.687,1.138,0.008
S1_1,4.0,4.6984699999999995,-0.12003,3559.033,1.709,0.012
S1_1,5.0,4.69727,-0.16003,3569.765,2.285,0.016
S1_1,6.0,4.69574,-0.20001,3569.765,2.571,0.018000000000000002
S1_1,7.0,4.6938699999999995,-0.23998000000000005,3569.765,2.8569999999999998,0.02
S1_1,8.0,4.69166,-0.27994,3569.765,2.9989999999999997,0.021
S1_1,9.0,4.6891,-0.31987,3569.765,3.285,0.023
S1_1,10.0,4.68621,-0.35978000000000004,3569.765,3.571,0.025
S1_1,11.0,4.6829800000000015,-0.39966999999999997,3569.765,3.571,0.025
S1_1,12.0,4.6794,-0.43951999999999997,3577.527,3.722,0.026000000000000002
S1_1,13.0,4.67549,-0.47934,3491.548,3.772,0.027000000000000003
S1_1,14.0,4.67124,-0.51913,3494.8940000000002,3.915,0.027999999999999997
S1_1,15.0,4.66665,-0.55888,3494.8940000000002,4.195,0.03
S1_1,16.0,4.66173,-0.59859,3494.8940000000002,4.335,0.031
S1_1,17.0,4.65646,-0.63826,3494.8940000000002,4.614,0.033
S1_1,18.0,4.65086,-0.67788,3494.8940000000002,4.754,0.034
S1_1,19.0,4.64492,-0.71745,3494.8940000000002,5.034,0.036000000000000004
S1_1,20.0,4.6386400000000005,-0.75697,3494.8940000000002,5.1739999999999995,0.037000000000000005
S1_1,21.0,4.63203,-0.7964399999999999,3494.8940000000002,5.314,0.038
S1_1,22.0,4.6250800000000005,-0.8358399999999999,3494.8940000000002,5.452999999999999,0.039
S1_1,23.0,4.6178,-0.8751899999999999,3491.548,5.587999999999999,0.04
S1_1,24.0,4.6101800000000015,-0.9144700000000001,3491.548,6.0070000000000014,0.043
S1_1,25.0,4.6022300000000005,-0.9536899999999999,3494.665,6.152,0.044000000000000004
S1_1,26.0,4.59394,-0.99284,3494.665,6.432,0.046
S1_1,27.0,4.585319999999999,-1.03191,3312.6609999999996,6.097,0.046
S1_1,28.0,4.57637,-1.07091,3327.385,6.39,0.048
S1_1,29.0,4.56709,-1.1098299999999999,3327.385,6.523,0.049
S1_1,30.0,4.5574699999999995,-1.14868,3327.385,6.79,0.051
S1_1,31.0,4.54753,-1.18744,3055.572,6.357,0.052000000000000005
S1_1,32.0,4.53725,-1.22611,2870.626,6.0870000000000015,0.053
S1_1,33.0,4.52665,-1.2646899999999999,2870.626,6.317,0.055
S1_1,34.0,4.51572,-1.30319,2682.746,6.011,0.055999999999999994
S1_1,35.0,4.50446,-1.34158,2672.708,6.202000000000001,0.057999999999999996
S1_1,36.0,4.49287,-1.37989,2495.151,5.79,0.057999999999999996
S1_1,37.0,4.48096,-1.41809,2495.151,6.09,0.061
S1_1,38.0,4.46873,-1.45618,2495.151,6.19,0.062
S1_1,39.0,4.456169999999998,-1.4941799999999998,2491.47,6.38,0.064
S1_1,40.0,4.44329,-1.53206,2525.931,6.569,0.065
S1_1,41.0,4.43008,-1.56984,2525.931,6.771,0.067
S1_1,42.0,4.41656,-1.6074899999999999,2518.1689999999994,6.952000000000001,0.069
S1_1,43.0,4.40271,-1.64504,2518.1689999999994,6.952000000000001,0.069
S1_1,44.0,4.38854,-1.6824599999999998,2518.1689999999994,7.053,0.07
S1_1,45.0,4.37406,-1.71976,2093.033,6.029,0.07200000000000001
S1_1,46.0,4.35926,-1.7569400000000002,2093.033,6.1129999999999995,0.073
S1_1,47.0,4.34415,-1.7939900000000002,2093.033,6.2810000000000015,0.075
S1_1,48.0,4.32871,-1.8309099999999998,2093.033,6.364,0.076
S1_1,49.0,4.31297,-1.8677,2093.033,6.4479999999999995,0.077
S1_1,50.0,4.29691,-1.90435,2089.3520000000008,6.52,0.078
S1_1,51.0,4.28054,-1.9408599999999998,2089.3520000000008,6.52,0.078
S1_1,52.0,4.26386,-1.9772299999999998,2089.3520000000008,6.688,0.08
S1_1,53.0,4.24688,-2.01346,1645.5510000000006,5.135,0.078
S1_1,54.0,4.22958,-2.04955,1645.5510000000006,5.2010000000000005,0.079
S1_1,55.0,4.2119800000000005,-2.08548,1623.0529999999999,5.26,0.081
S1_1,56.0,4.19407,-2.12127,1623.0529999999999,5.39,0.083
S1_1,57.0,4.17586,-2.1569,1623.0529999999999,5.455,0.084
S1_1,58.0,4.1573400000000005,-2.19237,1623.0529999999999,5.585,0.086
S1_1,59.0,4.13853,-2.22769,1623.0529999999999,5.715,0.08800000000000001
S1_1,60.0,4.11941,-2.26284,1657.311,5.769,0.087
S1_1,61.0,4.1,-2.29783,1657.311,5.968,0.09
S1_1,62.0,4.08029,-2.33265,1201.748,4.231,0.08800000000000001
S1_1,63.0,4.0602800000000006,-2.36731,1167.287,4.203,0.09
S1_1,64.0,4.03998,-2.40179,1167.287,4.25,0.091
S1_1,65.0,4.01938,-2.4361,1175.049,4.231,0.09
S1_1,66.0,3.9985,-2.47023,1175.049,4.325,0.092
S1_1,67.0,3.9773199999999997,-2.50418,1159.525,4.3610000000000015,0.094
S1_1,68.0,3.95586,-2.53795,1159.525,4.407,0.095
S1_1,69.0,3.93411,-2.57154,1159.525,4.407,0.095
S1_1,70.0,3.9120699999999995,-2.60494,692.1009999999997,2.492,0.09
S1_1,71.0,3.88975,-2.63815,692.1009999999997,2.52,0.091
S1_1,72.0,3.86715,-2.67117,692.1009999999997,2.52,0.091
S1_1,73.0,3.84427,-2.7039999999999997,692.1009999999997,2.492,0.09
S1_1,74.0,3.82111,-2.73663,692.1009999999997,1.883,0.068
S1_1,75.0,3.7976699999999997,-2.7690599999999996,212.766,0.332,0.039
S1_1,76.0,3.7739599999999998,-2.8012900000000003,223.498,0.331,0.037000000000000005
S1_1,77.0,3.74997,-2.83332,223.498,0.331,0.037000000000000005
S1_1,78.0,3.72571,-2.86515,223.498,0.331,0.037000000000000005
S1_1,79.0,3.70119,-2.89676,223.498,0.331,0.037000000000000005
S1_1,80.0,3.67639,-2.92817,223.498,0.331,0.037000000000000005
S1_1,81.0,3.65133,-2.9593599999999998,223.498,0.322,0.036000000000000004
S1_1,82.0,3.6260000000000003,-2.99034,223.498,0.313,0.035
S1_1,83.0,3.6004099999999997,-3.0211,223.498,0.313,0.035
S1_1,84.0,3.57456,-3.05165,223.498,0.304,0.034
S1_1,85.0,3.54845,-3.08197,223.498,0.304,0.034
S1_1,86.0,3.5220800000000003,-3.11207,223.498,0.304,0.034
S1_1,87.0,3.49546,-3.14194,223.498,0.304,0.034
S1_1,88.0,3.46858,-3.17158,257.6,0.34,0.033
S1_1,89.0,3.44145,-3.201,257.6,0.361,0.035
S1_1,90.0,3.4140800000000002,-3.23018,257.6,0.361,0.035
S1_1,91.0,3.38645,-3.25913,257.6,0.35,0.034
S1_1,92.0,3.3585800000000003,-3.28785,257.6,0.34,0.033
S1_1,93.0,3.3304699999999996,-3.3163199999999997,223.342,0.34,0.038
S1_1,94.0,3.30211,-3.34456,223.342,0.331,0.037000000000000005
S1_1,95.0,3.27352,-3.37255,223.342,0.331,0.037000000000000005
S1_1,96.0,3.2446900000000003,-3.40029,234.074,0.32799999999999996,0.035
S1_1,97.0,3.21562,-3.4278,234.074,0.337,0.036000000000000004
S1_1,98.0,3.1863200000000003,-3.45505,234.074,0.32799999999999996,0.035
S1_1,99.0,3.15679,-3.48205,234.074,0.32799999999999996,0.035
S1_1,100.0,3.12703,-3.5088,234.074,0.32799999999999996,0.035
S1_1,101.0,3.0970400000000002,-3.5353,234.074,0.32799999999999996,0.035
S1_1,102.0,3.06683,-3.5615300000000003,234.074,0.318,0.034
S1_1,103.0,3.0364,-3.5875199999999996,234.074,0.318,0.034
S1_1,104.0,3.00575,-3.6132400000000002,234.074,0.309,0.033
S1_1,105.0,2.9748799999999997,-3.6387,234.074,0.3,0.032
S1_1,106.0,2.9437900000000004,-3.6638900000000003,234.074,0.29,0.031
S1_1,107.0,2.91249,-3.6888199999999998,234.074,0.281,0.03
S1_1,108.0,2.88098,-3.71348,278.81,0.29,0.026000000000000002
S1_1,109.0,2.8492599999999997,-3.73788,278.81,0.34600000000000003,0.031
S1_1,110.0,2.81733,-3.762,278.81,0.368,0.033
S1_1,111.0,2.7852,-3.78585,278.81,0.379,0.034
S1_1,112.0,2.75287,-3.80942,278.81,0.368,0.033
S1_1,113.0,2.72034,-3.8327199999999997,288.688,0.358,0.031
S1_1,114.0,2.68761,-3.85574,288.688,0.358,0.031
S1_1,115.0,2.65468,-3.87849,288.688,0.358,0.031
S1_1,116.0,2.62157,-3.90095,362.171,0.348,0.024
S1_1,117.0,2.58826,-3.9231199999999995,362.171,0.449,0.031
S1_1,118.0,2.55477,-3.9450199999999995,362.171,0.551,0.038
S1_1,119.0,2.52109,-3.9666300000000003,362.171,0.594,0.040999999999999995
S1_1,120.0,2.48723,-3.98795,362.171,0.652,0.045
S1_1,121.0,2.45318,-4.00898,362.171,0.652,0.045
S1_1,122.0,2.4189599999999998,-4.029719999999998,362.171,0.638,0.044000000000000004
S1_1,123.0,2.38457,-4.05016,362.171,0.638,0.044000000000000004
S1_1,124.0,2.35,-4.07032,328.069,0.617,0.047
S1_1,125.0,2.31526,-4.09018,328.069,0.604,0.046
S1_1,126.0,2.28035,-4.10974,328.069,0.578,0.044000000000000004
S1_1,127.0,2.2452799999999997,-4.12901,328.069,0.591,0.045
S1_1,128.0,2.21005,-4.14797,328.069,0.591,0.045
S1_1,129.0,2.17465,-4.16664,328.069,0.578,0.044000000000000004
S1_1,130.0,2.1391,-4.185,328.069,0.551,0.042
S1_1,131.0,2.10339,-4.20306,328.069,0.5379999999999999,0.040999999999999995
S1_1,132.0,2.06753,-4.22082,328.069,0.551,0.042
S1_1,133.0,2.03152,-4.23827,328.069,0.5379999999999999,0.040999999999999995
S1_1,134.0,1.99537,-4.2554099999999995,328.069,0.525,0.04
S1_1,135.0,1.95907,-4.27224,328.069,0.512,0.039
S1_1,136.0,1.92262,-4.2887699999999995,328.069,0.499,0.038
S1_1,137.0,1.8860400000000002,-4.3049800000000005,296.6690000000001,0.46299999999999997,0.039
S1_1,138.0,1.84932,-4.320880000000002,296.6690000000001,0.451,0.038
S1_1,139.0,1.81247,-4.336469999999999,296.6690000000001,0.4270000000000001,0.036000000000000004
S1_1,140.0,1.77548,-4.35174,296.6690000000001,0.4270000000000001,0.036000000000000004
S1_1,141.0,1.73837,-4.3667,296.6690000000001,0.415,0.035
S1_1,142.0,1.70113,-4.38134,296.6690000000001,0.415,0.035
S1_1,143.0,1.66376,-4.39567,296.6690000000001,0.40399999999999997,0.034
S1_1,144.0,1.62628,-4.409669999999998,296.6690000000001,0.40399999999999997,0.034
S1_1,145.0,1.5886799999999999,-4.42336,296.6690000000001,0.38,0.032
S1_1,146.0,1.5509600000000001,-4.436719999999998,296.6690000000001,0.368,0.031
S1_1,147.0,1.5131299999999999,-4.44977,296.6690000000001,0.35600000000000004,0.03
S1_1,148.0,1.47519,-4.46249,296.6690000000001,0.332,0.027999999999999997
S1_1,149.0,1.43715,-4.47489,296.6690000000001,0.332,0.027999999999999997
S1_1,150.0,1.399,-4.48696,296.6690000000001,0.32,0.027000000000000003
S1_1,151.0,1.36075,-4.49871,296.6690000000001,0.32,0.027000000000000003
S1_1,152.0,1.3224,-4.51013,265.263,0.287,0.027000000000000003
S1_1,153.0,1.28395,-4.52122,265.263,0.287,0.027000000000000003
S1_1,154.0,1.2454100000000001,-4.53199,265.263,0.276,0.026000000000000002
S1_1,155.0,1.20678,-4.54243,265.263,0.255,0.024
S1_1,156.0,1.1680700000000002,-4.5525400000000005,231.259,0.25,0.027000000000000003
S1_1,157.0,1.12927,-4.56232,231.259,0.231,0.025
S1_1,158.0,1.09038,-4.57177,231.259,0.231,0.025
S1_1,159.0,1.05142,-4.58089,199.849,0.20800000000000002,0.026000000000000002
S1_1,160.0,1.0123799999999998,-4.58967,199.849,0.192,0.024
S1_1,161.0,0.9732700000000001,-4.59812,199.849,0.184,0.023
S1_1,162.0,0.93409,-4.6062400000000014,199.849,0.17600000000000002,0.022000000000000002
S1_1,163.0,0.89484,-4.6140300000000005,199.849,0.168,0.021
S1_1,164.0,0.8555200000000001,-4.62148,199.849,0.168,0.021
S1_1,165.0,0.81615,-4.6286,199.849,0.168,0.021
S1_1,166.0,0.77671,-4.6353800000000005,199.849,0.16,0.02
S1_1,167.0,0.73722,-4.64182,199.849,0.152,0.019
S1_1,168.0,0.69767,-4.6479300000000014,199.849,0.14400000000000002,0.018000000000000002
S1_1,169.0,0.65808,-4.6537,168.43599999999995,0.121,0.018000000000000002
S1_1,170.0,0.61843,-4.65914,168.43599999999995,0.115,0.017
S1_1,171.0,0.5787399999999999,-4.66423,168.43599999999995,0.10800000000000001,0.016
S1_1,172.0,0.53901,-4.66899,168.43599999999995,0.10800000000000001,0.016
S1_1,173.0,0.49923999999999996,-4.67341,168.43599999999995,0.094,0.013999999999999999
S1_1,174.0,0.45943999999999996,-4.67749,168.43599999999995,0.08800000000000001,0.013000000000000001
S1_1,175.0,0.4196,-4.68123,168.43599999999995,0.081,0.012
S1_1,176.0,0.37973,-4.68464,168.43599999999995,0.07400000000000001,0.011000000000000001
S1_1,177.0,0.33983,-4.6877,168.43599999999995,0.067,0.01
S1_1,178.0,0.29991,-4.69042,137.02100000000002,0.055,0.01
S1_1,179.0,0.25995999999999997,-4.69281,168.43599999999995,0.054000000000000006,0.008
S1_1,180.0,0.22,-4.69485,137.02100000000002,0.044000000000000004,0.008
S1_1,181.0,0.18002,-4.69655,137.02100000000002,0.038,0.006999999999999999
S1_1,182.0,0.14003,-4.69791,137.02100000000002,0.033,0.006
S1_1,183.0,0.10003,-4.69894,137.02100000000002,0.027000000000000003,0.005
S1_1,184.0,0.060020000000000004,-4.6996199999999995,137.02100000000002,0.027000000000000003,0.005
S1_1,185.0,0.02001,-4.69996,137.02100000000002,0.016,0.003
S1_1,186.0,-0.02001,-4.69996,103.05,0.008,0.002
S1_1,187.0,-0.060020000000000004,-4.6996199999999995,103.05,0.008,0.002
S1_1,188.0,-0.10003,-4.69894,0.0,0.0,0.0
S1_1,189.0,-0.14003,-4.69791,0.0,0.0,0.0
S1_1,190.0,-0.18002,-4.69655,0.0,0.0,0.0
S1_1,191.0,-0.22,-4.69485,0.0,0.0,0.0
S1_1,192.0,-0.25995999999999997,-4.69281,0.0,0.0,0.0
S1_1,193.0,-0.29991,-4.69042,0.0,0.0,0.0
S1_1,194.0,-0.33983,-4.6877,0.0,0.0,0.0
S1_1,195.0,-0.37973,-4.68464,0.0,0.0,0.0
S1_1,196.0,-0.4196,-4.68123,0.0,0.0,0.0
S1_1,197.0,-0.45943999999999996,-4.67749,0.0,0.0,0.0
S1_1,198.0,-0.49923999999999996,-4.67341,0.0,0.0,0.0
S1_1,199.0,-0.53901,-4.66899,0.0,0.0,0.0
S1_1,200.0,-0.5787399999999999,-4.66423,0.0,0.0,0.0
S1_1,201.0,-0.61843,-4.65914,0.0,0.0,0.0
S1_1,202.0,-0.65808,-4.6537,0.0,0.0,0.0
S1_1,203.0,-0.69767,-4.6479300000000014,0.0,0.0,0.0
S1_1,204.0,-0.73722,-4.64182,0.0,0.0,0.0
S1_1,205.0,-0.77671,-4.6353800000000005,0.0,0.0,0.0
S1_1,206.0,-0.81615,-4.6286,0.0,0.0,0.0
S1_1,207.0,-0.8555200000000001,-4.62148,0.0,0.0,0.0
S1_1,208.0,-0.89484,-4.6140300000000005,0.0,0.0,0.0
S1_1,209.0,-0.93409,-4.6062400000000014,0.0,0.0,0.0
S1_1,210.0,-0.9732700000000001,-4.59812,0.0,0.0,0.0
S1_1,211.0,-1.0123799999999998,-4.58967,0.0,0.0,0.0
S1_1,212.0,-1.05142,-4.58089,0.0,0.0,0.0
S1_1,213.0,-1.09038,-4.57177,0.0,0.0,0.0
S1_1,214.0,-1.12927,-4.56232,0.0,0.0,0.0
S1_1,215.0,-1.1680700000000002,-4.5525400000000005,0.0,0.0,0.0
S1_1,216.0,-1.20678,-4.54243,0.0,0.0,0.0
S1_1,217.0,-1.2454100000000001,-4.53199,0.0,0.0,0.0
S1_1,218.0,-1.28395,-4.52122,0.0,0.0,0.0
S1_1,219.0,-1.3224,-4.51013,0.0,0.0,0.0
S1_1,220.0,-1.36075,-4.49871,0.0,0.0,0.0
S1_1,221.0,-1.399,-4.48696,0.0,0.0,0.0
S1_1,222.0,-1.43715,-4.47489,0.0,0.0,0.0
S1_1,223.0,-1.47519,-4.46249,0.0,0.0,0.0
S1_1,224.0,-1.5131299999999999,-4.44977,0.0,0.0,0.0
S1_1,225.0,-1.5509600000000001,-4.436719999999998,0.0,0.0,0.0
S1_1,226.0,-1.5886799999999999,-4.42336,0.0,0.0,0.0
S1_1,227.0,-1.62628,-4.409669999999998,0.0,0.0,0.0
S1_1,228.0,-1.66376,-4.39567,0.0,0.0,0.0
S1_1,229.0,-1.70113,-4.38134,0.0,0.0,0.0
S1_1,230.0,-1.73837,-4.3667,0.0,0.0,0.0
S1_1,231.0,-1.77548,-4.35174,0.0,0.0,0.0
S1_1,232.0,-1.81247,-4.336469999999999,0.0,0.0,0.0
S1_1,233.0,-1.84932,-4.320880000000002,0.0,0.0,0.0
S1_1,234.0,-1.8860400000000002,-4.3049800000000005,0.0,0.0,0.0
S1_1,235.0,-1.92262,-4.2887699999999995,0.0,0.0,0.0
S1_1,236.0,-1.95907,-4.27224,0.0,0.0,0.0
S1_1,237.0,-1.99537,-4.2554099999999995,0.0,0.0,0.0
S1_1,238.0,-2.03152,-4.23827,0.0,0.0,0.0
S1_1,239.0,-2.06753,-4.22082,0.0,0.0,0.0
S1_1,240.0,-2.10339,-4.20306,0.0,0.0,0.0
S1_1,241.0,-2.1391,-4.185,0.0,0.0,0.0
S1_1,242.0,-2.17465,-4.16664,0.0,0.0,0.0
S1_1,243.0,-2.21005,-4.14797,0.0,0.0,0.0
S1_1,244.0,-2.2452799999999997,-4.12901,0.0,0.0,0.0
S1_1,245.0,-2.28035,-4.10974,0.0,0.0,0.0
S1_1,246.0,-2.31526,-4.09018,0.0,0.0,0.0
S1_1,247.0,-2.35,-4.07032,0.0,0.0,0.0
S1_1,248.0,-2.38457,-4.05016,0.0,0.0,0.0
S1_1,249.0,-2.4189599999999998,-4.029719999999998,0.0,0.0,0.0
S1_1,250.0,-2.45318,-4.00898,0.0,0.0,0.0
S1_1,251.0,-2.48723,-3.98795,0.0,0.0,0.0
S1_1,252.0,-2.52109,-3.9666300000000003,0.0,0.0,0.0
S1_1,253.0,-2.55477,-3.9450199999999995,0.0,0.0,0.0
S1_1,254.0,-2.58826,-3.9231199999999995,0.0,0.0,0.0
S1_1,255.0,-2.62157,-3.90095,0.0,0.0,0.0
S1_1,256.0,-2.65468,-3.87849,0.0,0.0,0.0
S1_1,257.0,-2.68761,-3.85574,0.0,0.0,0.0
S1_1,258.0,-2.72034,-3.8327199999999997,0.0,0.0,0.0
S1_1,259.0,-2.75287,-3.80942,0.0,0.0,0.0
S1_1,260.0,-2.7852,-3.78585,0.0,0.0,0.0
S1_1,261.0,-2.81733,-3.762,0.0,0.0,0.0
S1_1,262.0,-2.8492599999999997,-3.73788,0.0,0.0,0.0
S1_1,263.0,-2.88098,-3.71348,0.0,0.0,0.0
S1_1,264.0,-2.91249,-3.6888199999999998,0.0,0.0,0.0
S1_1,265.0,-2.9437900000000004,-3.6638900000000003,0.0,0.0,0.0
S1_1,266.0,-2.9748799999999997,-3.6387,0.0,0.0,0.0
S1_1,267.0,-3.00575,-3.6132400000000002,0.0,0.0,0.0
S1_1,268.0,-3.0364,-3.5875199999999996,0.0,0.0,0.0
S1_1,269.0,-3.06683,-3.5615300000000003,0.0,0.0,0.0
S1_1,270.0,-3.0970400000000002,-3.5353,0.0,0.0,0.0
S1_1,271.0,-3.12703,-3.5088,0.0,0.0,0.0
S1_1,272.0,-3.15679,-3.48205,0.0,0.0,0.0
S1_1,273.0,-3.1863200000000003,-3.45505,0.0,0.0,0.0
S1_1,274.0,-3.21562,-3.4278,0.0,0.0,0.0
S1_1,275.0,-3.2446900000000003,-3.40029,0.0,0.0,0.0
S1_1,276.0,-3.27352,-3.37255,0.0,0.0,0.0
S1_1,277.0,-3.30211,-3.34456,0.0,0.0,0.0
S1_1,278.0,-3.3304699999999996,-3.3163199999999997,0.0,0.0,0.0
S1_1,279.0,-3.3585800000000003,-3.28785,0.0,0.0,0.0
S1_1,280.0,-3.38645,-3.25913,0.0,0.0,0.0
S1_1,281.0,-3.4140800000000002,-3.23018,0.0,0.0,0.0
S1_1,282.0,-3.44145,-3.201,0.0,0.0,0.0
S1_1,283.0,-3.46858,-3.17158,0.0,0.0,0.0
S1_1,284.0,-3.49546,-3.14194,0.0,0.0,0.0
S1_1,285.0,-3.5220800000000003,-3.11207,0.0,0.0,0.0
S1_1,286.0,-3.54845,-3.08197,0.0,0.0,0.0
S1_1,287.0,-3.57456,-3.05165,0.0,0.0,0.0
S1_1,288.0,-3.6004099999999997,-3.0211,0.0,0.0,0.0
S1_1,289.0,-3.6260000000000003,-2.99034,0.0,0.0,0.0
S1_1,290.0,-3.65133,-2.9593599999999998,0.0,0.0,0.0
S1_1,291.0,-3.67639,-2.92817,0.0,0.0,0.0
S1_1,292.0,-3.70119,-2.89676,0.0,0.0,0.0
S1_1,293.0,-3.72571,-2.86515,0.0,0.0,0.0
S1_1,294.0,-3.74997,-2.83332,0.0,0.0,0.0
S1_1,295.0,-3.7739599999999998,-2.8012900000000003,0.0,0.0,0.0
S1_1,296.0,-3.7976699999999997,-2.7690599999999996,0.0,0.0,0.0
S1_1,297.0,-3.82111,-2.73663,0.0,0.0,0.0
S1_1,298.0,-3.84427,-2.7039999999999997,0.0,0.0,0.0
S1_1,299.0,-3.86715,-2.67117,0.0,0.0,0.0
S1_1,300.0,-3.88975,-2.63815,0.0,0.0,0.0
S1_1,301.0,-3.9120699999999995,-2.60494,0.0,0.0,0.0
S1_1,302.0,-3.93411,-2.57154,0.0,0.0,0.0
S1_1,303.0,-3.95586,-2.53795,0.0,0.0,0.0
S1_1,304.0,-3.9773199999999997,-2.50418,0.0,0.0,0.0
S1_1,305.0,-3.9985,-2.47023,0.0,0.0,0.0
S1_1,306.0,-4.01938,-2.4361,0.0,0.0,0.0
S1_1,307.0,-4.03998,-2.40179,0.0,0.0,0.0
S1_1,308.0,-4.0602800000000006,-2.36731,0.0,0.0,0.0
S1_1,309.0,-4.08029,-2.33265,0.0,0.0,0.0
S1_1,310.0,-4.1,-2.29783,0.0,0.0,0.0
S1_1,311.0,-4.11941,-2.26284,0.0,0.0,0.0
S1_1,312.0,-4.13853,-2.22769,0.0,0.0,0.0
S1_1,313.0,-4.1573400000000005,-2.19237,0.0,0.0,0.0
S1_1,314.0,-4.17586,-2.1569,0.0,0.0,0.0
S1_1,315.0,-4.19407,-2.12127,0.0,0.0,0.0
S1_1,316.0,-4.2119800000000005,-2.08548,0.0,0.0,0.0
S1_1,317.0,-4.22958,-2.04955,0.0,0.0,0.0
S1_1,318.0,-4.24688,-2.01346,0.0,0.0,0.0
S1_1,319.0,-4.26386,-1.9772299999999998,0.0,0.0,0.0
S1_1,320.0,-4.28054,-1.9408599999999998,0.0,0.0,0.0
S1_1,321.0,-4.29691,-1.90435,0.0,0.0,0.0
S1_1,322.0,-4.31297,-1.8677,0.0,0.0,0.0
S1_1,323.0,-4.32871,-1.8309099999999998,0.0,0.0,0.0
S1_1,324.0,-4.34415,-1.7939900000000002,0.0,0.0,0.0
S1_1,325.0,-4.35926,-1.7569400000000002,0.0,0.0,0.0
S1_1,326.0,-4.37406,-1.71976,0.0,0.0,0.0
S1_1,327.0,-4.38854,-1.6824599999999998,0.0,0.0,0.0
S1_1,328.0,-4.40271,-1.64504,0.0,0.0,0.0
S1_1,329.0,-4.41656,-1.6074899999999999,0.0,0.0,0.0
S1_1,330.0,-4.43008,-1.56984,0.0,0.0,0.0
S1_1,331.0,-4.44329,-1.53206,0.0,0.0,0.0
S1_1,332.0,-4.456169999999998,-1.4941799999999998,0.0,0.0,0.0
S1_1,333.0,-4.46873,-1.45618,0.0,0.0,0.0
S1_1,334.0,-4.48096,-1.41809,0.0,0.0,0.0
S1_1,335.0,-4.49287,-1.37989,0.0,0.0,0.0
S1_1,336.0,-4.50446,-1.34158,0.0,0.0,0.0
S1_1,337.0,-4.51572,-1.30319,0.0,0.0,0.0
S1_1,338.0,-4.52665,-1.2646899999999999,0.0,0.0,0.0
S1_1,339.0,-4.53725,-1.22611,0.0,0.0,0.0
S1_1,340.0,-4.54753,-1.18744,0.0,0.0,0.0
S1_1,341.0,-4.5574699999999995,-1.14868,0.0,0.0,0.0
S1_1,342.0,-4.56709,-1.1098299999999999,0.0,0.0,0.0
S1_1,343.0,-4.57637,-1.07091,0.0,0.0,0.0
S1_1,344.0,-4.585319999999999,-1.03191,0.0,0.0,0.0
S1_1,345.0,-4.59394,-0.99284,0.0,0.0,0.0
S1_1,346.0,-4.6022300000000005,-0.9536899999999999,0.0,0.0,0.0
S1_1,347.0,-4.6101800000000015,-0.9144700000000001,0.0,0.0,0.0
S1_1,348.0,-4.6178,-0.8751899999999999,0.0,0.0,0.0
S1_1,349.0,-4.6250800000000005,-0.8358399999999999,0.0,0.0,0.0
S1_1,350.0,-4.63203,-0.7964399999999999,0.0,0.0,0.0
S1_1,351.0,-4.6386400000000005,-0.75697,0.0,0.0,0.0
S1_1,352.0,-4.64492,-0.71745,0.0,0.0,0.0
S1_1,353.0,-4.65086,-0.67788,0.0,0.0,0.0
S1_1,354.0,-4.65646,-0.63826,0.0,0.0,0.0
S1_1,355.0,-4.66173,-0.59859,0.0,0.0,0.0
S1_1,356.0,-4.66665,-0.55888,0.0,0.0,0.0
S1_1,357.0,-4.67124,-0.51913,0.0,0.0,0.0
S1_1,358.0,-4.67549,-0.47934,0.0,0.0,0.0
S1_1,359.0,-4.6794,-0.43951999999999997,0.0,0.0,0.0
S1_1,360.0,-4.6829800000000015,-0.39966999999999997,0.0,0.0,0.0
S1_1,361.0,-4.68621,-0.35978000000000004,0.0,0.0,0.0
S1_1,362.0,-4.6891,-0.31987,0.0,0.0,0.0
S1_1,363.0,-4.69166,-0.27994,0.0,0.0,0.0
S1_1,364.0,-4.6938699999999995,-0.23998000000000005,0.0,0.0,0.0
S1_1,365.0,-4.69574,-0.20001,0.0,0.0,0.0
S1_1,366.0,-4.69727,-0.16003,0.0,0.0,0.0
S1_1,367.0,-4.6984699999999995,-0.12003,0.0,0.0,0.0
S1_1,368.0,-4.699319999999998,-0.08002999999999999,0.0,0.0,0.0
S1_1,369.0,-4.69983,-0.040010000000000004,0.0,0.0,0.0
S1_1,370.0,-4.7,0.0,0.0,0.0,0.0
S1_1,371.0,-4.69983,0.03991,0.0,0.0,0.0
S1_1,372.0,-4.699319999999998,0.07981,0.0,0.0,0.0
S1_1,373.0,-4.69848,0.11971,0.0,0.0,0.0
S1_1,374.0,-4.69729,0.1596,0.0,0.0,0.0
S1_1,375.0,-4.6957699999999996,0.19947,0.0,0.0,0.0
S1_1,376.0,-4.6939,0.23934,0.0,0.0,0.0
S1_1,377.0,-4.6917,0.27918000000000004,0.0,0.0,0.0
S1_1,378.0,-4.68916,0.31901,0.0,0.0,0.0
S1_1,379.0,-4.68628,0.35881,0.0,0.0,0.0
S1_1,380.0,-4.68307,0.39859,0.0,0.0,0.0
S1_1,381.0,-4.67952,0.43833999999999995,0.0,0.0,0.0
S1_1,382.0,-4.675619999999999,0.47805,0.0,0.0,0.0
S1_1,383.0,-4.6714,0.51773,0.0,0.0,0.0
S1_1,384.0,-4.66683,0.55738,0.0,0.0,0.0
S1_1,385.0,-4.66193,0.5969800000000001,0.0,0.0,0.0
S1_1,386.0,-4.6567,0.63655,0.0,0.0,0.0
S1_1,387.0,-4.65112,0.67606,0.0,0.0,0.0
S1_1,388.0,-4.64521,0.71553,0.0,0.0,0.0
S1_1,389.0,-4.63897,0.7549399999999999,0.0,0.0,0.0
S1_1,390.0,-4.63239,0.7943,0.0,0.0,0.0
S1_1,391.0,-4.6254800000000005,0.8336100000000001,0.0,0.0,0.0
S1_1,392.0,-4.61824,0.87285,0.0,0.0,0.0
S1_1,393.0,-4.61066,0.9120299999999999,0.0,0.0,0.0
S1_1,394.0,-4.60275,0.95115,0.0,0.0,0.0
S1_1,395.0,-4.59451,0.99019,0.0,0.0,0.0
S1_1,396.0,-4.58594,1.0291700000000001,0.0,0.0,0.0
S1_1,397.0,-4.5770300000000015,1.06807,0.0,0.0,0.0
S1_1,398.0,-4.5678,1.10689,0.0,0.0,0.0
S1_1,399.0,-4.5582400000000005,1.14564,0.0,0.0,0.0
S1_1,400.0,-4.5483400000000005,1.1843,0.0,0.0,0.0
S1_1,401.0,-4.5381300000000016,1.2228700000000001,0.0,0.0,0.0
S1_1,402.0,-4.52758,1.26136,0.0,0.0,0.0
S1_1,403.0,-4.51671,1.29976,0.0,0.0,0.0
S1_1,404.0,-4.50551,1.33806,0.0,0.0,0.0
S1_1,405.0,-4.4939800000000005,1.37627,0.0,0.0,0.0
S1_1,406.0,-4.48214,1.4143700000000001,0.0,0.0,0.0
S1_1,407.0,-4.46997,1.45238,0.0,0.0,0.0
S1_1,408.0,-4.45747,1.4902799999999998,0.0,0.0,0.0
S1_1,409.0,-4.44466,1.52807,0.0,0.0,0.0
S1_1,410.0,-4.43152,1.56576,0.0,0.0,0.0
S1_1,411.0,-4.418069999999998,1.60333,0.0,0.0,0.0
S1_1,412.0,-4.4043,1.64078,0.0,0.0,0.0
S1_1,413.0,-4.39021,1.67812,0.0,0.0,0.0
S1_1,414.0,-4.3758,1.71533,0.0,0.0,0.0
S1_1,415.0,-4.36108,1.75243,0.0,0.0,0.0
S1_1,416.0,-4.34604,1.78939,0.0,0.0,0.0
S1_1,417.0,-4.33069,1.82623,0.0,0.0,0.0
S1_1,418.0,-4.31503,1.86293,0.0,0.0,0.0
S1_1,419.0,-4.29906,1.8995,0.0,0.0,0.0
S1_1,420.0,-4.282769999999998,1.9359400000000002,0.0,0.0,0.0
S1_1,421.0,-4.26618,1.97223,0.0,0.0,0.0
S1_1,422.0,-4.2492800000000015,2.00838,0.0,0.0,0.0
S1_1,423.0,-4.232080000000002,2.04439,0.0,0.0,0.0
S1_1,424.0,-4.21457,2.08025,0.0,0.0,0.0
S1_1,425.0,-4.19675,2.11596,0.0,0.0,0.0
S1_1,426.0,-4.17863,2.15151,0.0,0.0,0.0
S1_1,427.0,-4.16022,2.18692,0.0,0.0,0.0
S1_1,428.0,-4.1415,2.2221599999999997,0.0,0.0,0.0
S1_1,429.0,-4.12248,2.2572400000000004,0.0,0.0,0.0
S1_1,430.0,-4.1031699999999995,2.29217,0.0,0.0,0.0
S1_1,431.0,-4.083559999999999,2.32692,0.0,0.0,0.0
S1_1,432.0,-4.06365,2.36151,0.0,0.0,0.0
S1_1,433.0,-4.04345,2.39593,0.0,0.0,0.0
S1_1,434.0,-4.02297,2.43017,0.0,0.0,0.0
S1_1,435.0,-4.0021900000000015,2.46424,0.0,0.0,0.0
S1_1,436.0,-3.9811199999999998,2.4981400000000002,0.0,0.0,0.0
S1_1,437.0,-3.95977,2.53185,0.0,0.0,0.0
S1_1,438.0,-3.93813,2.5653799999999998,0.0,0.0,0.0
S1_1,439.0,-3.9162,2.59872,0.0,0.0,0.0
S1_1,440.0,-3.8939999999999997,2.6318799999999998,0.0,0.0,0.0
S1_1,441.0,-3.87151,2.66485,0.0,0.0,0.0
S1_1,442.0,-3.8487400000000003,2.6976299999999998,0.0,0.0,0.0
S1_1,443.0,-3.8257,2.73021,0.0,0.0,0.0
S1_1,444.0,-3.8023800000000003,2.7625900000000003,0.0,0.0,0.0
S1_1,445.0,-3.7787900000000003,2.79478,0.0,0.0,0.0
S1_1,446.0,-3.75492,2.8267599999999997,0.0,0.0,0.0
S1_1,447.0,-3.73078,2.85854,0.0,0.0,0.0
S1_1,448.0,-3.7063800000000002,2.89011,0.0,0.0,0.0
S1_1,449.0,-3.68171,2.92148,0.0,0.0,0.0
S1_1,450.0,-3.65677,2.95263,0.0,0.0,0.0
S1_1,451.0,-3.6315699999999995,2.98358,0.0,0.0,0.0
S1_1,452.0,-3.6061,3.0143,0.0,0.0,0.0
S1_1,453.0,-3.5803800000000003,3.04481,0.0,0.0,0.0
S1_1,454.0,-3.5544,3.0751,0.0,0.0,0.0
S1_1,455.0,-3.5281599999999997,3.10517,0.0,0.0,0.0
S1_1,456.0,-3.50167,3.13502,0.0,0.0,0.0
S1_1,457.0,-3.4749199999999996,3.16463,0.0,0.0,0.0
S1_1,458.0,-3.4479300000000004,3.19402,117.971,0.146,0.031
S1_1,459.0,-3.4206800000000004,3.2231799999999997,117.971,0.22699999999999998,0.048
S1_1,460.0,-3.39319,3.25211,117.971,0.293,0.062
S1_1,461.0,-3.3654599999999997,3.28081,117.971,0.005,0.001
S1_1,462.0,-3.3374800000000002,3.3092599999999996,117.971,0.005,0.001
S1_1,463.0,-3.3092599999999996,3.3374800000000002,117.971,0.009000000000000001,0.002
S1_1,464.0,-3.28081,3.3654599999999997,117.971,0.009000000000000001,0.002
S1_1,465.0,-3.25211,3.39319,117.971,0.009000000000000001,0.002
S1_1,466.0,-3.2231799999999997,3.4206800000000004,236.09,0.019,0.002
S1_1,467.0,-3.19402,3.4479300000000004,236.09,0.019,0.002
S1_1,468.0,-3.16463,3.4749199999999996,236.09,0.019,0.002
S1_1,469.0,-3.13502,3.50167,236.09,0.019,0.002
S1_1,470.0,-3.10517,3.5281599999999997,236.09,0.027999999999999997,0.003
S1_1,471.0,-3.0751,3.5544,236.09,0.038,0.004
S1_1,472.0,-3.04481,3.5803800000000003,354.341,0.057,0.004
S1_1,473.0,-3.0143,3.6061,354.341,0.057,0.004
S1_1,474.0,-2.98358,3.6315699999999995,354.341,0.057,0.004
S1_1,475.0,-2.95263,3.65677,354.341,0.057,0.004
S1_1,476.0,-2.92148,3.68171,354.341,0.071,0.005
S1_1,477.0,-2.89011,3.7063800000000002,354.341,0.071,0.005
S1_1,478.0,-2.85854,3.73078,354.341,0.085,0.006
S1_1,479.0,-2.8267599999999997,3.75492,354.341,0.071,0.005
S1_1,480.0,-2.79478,3.7787900000000003,472.708,0.095,0.005
S1_1,481.0,-2.7625900000000003,3.8023800000000003,472.708,0.095,0.005
S1_1,482.0,-2.73021,3.8257,472.708,0.113,0.006
S1_1,483.0,-2.6976299999999998,3.8487400000000003,472.708,0.095,0.005
S1_1,484.0,-2.66485,3.87151,472.708,0.113,0.006
S1_1,485.0,-2.6318799999999998,3.8939999999999997,472.708,0.113,0.006
S1_1,486.0,-2.59872,3.9162,472.708,0.151,0.008
S1_1,487.0,-2.5653799999999998,3.93813,472.708,0.151,0.008
S1_1,488.0,-2.53185,3.95977,591.1750000000002,0.166,0.006999999999999999
S1_1,489.0,-2.4981400000000002,3.9811199999999998,591.1750000000002,0.166,0.006999999999999999
S1_1,490.0,-2.46424,4.0021900000000015,591.1750000000002,0.166,0.006999999999999999
S1_1,491.0,-2.43017,4.02297,591.1750000000002,0.18899999999999997,0.008
S1_1,492.0,-2.39593,4.04345,591.1750000000002,0.18899999999999997,0.008
S1_1,493.0,-2.36151,4.06365,591.1750000000002,0.166,0.006999999999999999
S1_1,494.0,-2.32692,4.083559999999999,605.518,0.19399999999999998,0.008
S1_1,495.0,-2.29217,4.1031699999999995,605.518,0.218,0.009000000000000001
S1_1,496.0,-2.2572400000000004,4.12248,610.2990000000002,0.22,0.009000000000000001
S1_1,497.0,-2.2221599999999997,4.1415,610.2990000000002,0.22,0.009000000000000001
S1_1,498.0,-2.18692,4.16022,610.2990000000002,0.244,0.01
S1_1,499.0,-2.15151,4.17863,610.2990000000002,0.244,0.01
S1_1,500.0,-2.11596,4.19675,610.2990000000002,0.244,0.01
S1_1,501.0,-2.08025,4.21457,610.2990000000002,0.26899999999999996,0.011000000000000001
S1_1,502.0,-2.04439,4.232080000000002,610.2990000000002,0.26899999999999996,0.011000000000000001
S1_1,503.0,-2.00838,4.2492800000000015,610.2990000000002,0.293,0.012
S1_1,504.0,-1.97223,4.26618,610.2990000000002,0.317,0.013000000000000001
S1_1,505.0,-1.9359400000000002,4.282769999999998,610.2990000000002,0.317,0.013000000000000001
S1_1,506.0,-1.8995,4.29906,610.2990000000002,0.317,0.013000000000000001
S1_1,507.0,-1.86293,4.31503,610.2990000000002,0.342,0.013999999999999999
S1_1,508.0,-1.82623,4.33069,610.2990000000002,0.342,0.013999999999999999
S1_1,509.0,-1.78939,4.34604,610.2990000000002,0.366,0.015
S1_1,510.0,-1.75243,4.36108,610.2990000000002,0.342,0.013999999999999999
S1_1,511.0,-1.71533,4.3758,610.2990000000002,0.366,0.015
S1_1,512.0,-1.67812,4.39021,610.2990000000002,0.391,0.016
S1_1,513.0,-1.64078,4.4043,610.2990000000002,0.391,0.016
S1_1,514.0,-1.60333,4.418069999999998,610.2990000000002,0.415,0.017
S1_1,515.0,-1.56576,4.43152,610.2990000000002,0.44,0.018000000000000002
S1_1,516.0,-1.52807,4.44466,610.2990000000002,0.415,0.017
S1_1,517.0,-1.4902799999999998,4.45747,610.2990000000002,0.46399999999999997,0.019
S1_1,518.0,-1.45238,4.46997,610.2990000000002,0.488,0.02
S1_1,519.0,-1.4143700000000001,4.48214,617.21,0.494,0.02
S1_1,520.0,-1.37627,4.4939800000000005,617.21,0.494,0.02
S1_1,521.0,-1.33806,4.50551,617.21,0.494,0.02
S1_1,522.0,-1.29976,4.51671,624.1210000000002,0.524,0.021
S1_1,523.0,-1.26136,4.52758,624.1210000000002,0.524,0.021
S1_1,524.0,-1.2228700000000001,4.5381300000000016,617.21,0.5429999999999999,0.022000000000000002
S1_1,525.0,-1.1843,4.5483400000000005,1196.6840000000002,0.575,0.012
S1_1,526.0,-1.14564,4.5582400000000005,1196.6840000000002,0.575,0.012
S1_1,527.0,-1.10689,4.5678,1224.2910000000004,0.637,0.013000000000000001
S1_1,528.0,-1.06807,4.5770300000000015,792.3720000000003,0.5710000000000001,0.018000000000000002
S1_1,529.0,-1.0291700000000001,4.58594,1701.715,0.613,0.009000000000000001
S1_1,530.0,-0.99019,4.59451,2322.139000000001,0.65,0.006999999999999999
S1_1,531.0,-0.95115,4.60275,2322.139000000001,0.65,0.006999999999999999
S1_1,532.0,-0.9120299999999999,4.61066,2322.139000000001,0.65,0.006999999999999999
S1_1,533.0,-0.87285,4.61824,2322.139000000001,0.65,0.006999999999999999
S1_1,534.0,-0.8336100000000001,4.6254800000000005,2884.2590000000005,0.8079999999999999,0.006999999999999999
S1_1,535.0,-0.7943,4.63239,2884.2590000000005,0.8079999999999999,0.006999999999999999
S1_1,536.0,-0.7549399999999999,4.63897,3213.416000000001,0.7709999999999999,0.006
S1_1,537.0,-0.71553,4.64521,2758.981000000001,0.662,0.006
S1_1,538.0,-0.67606,4.65112,3479.321,0.9740000000000001,0.006999999999999999
S1_1,539.0,-0.63655,4.6567,3368.2610000000004,0.943,0.006999999999999999
S1_1,540.0,-0.5969800000000001,4.66193,3486.232,1.1159999999999999,0.008
S1_1,541.0,-0.55738,4.66683,3486.232,1.1159999999999999,0.008
S1_1,542.0,-0.51773,4.6714,3624.360000000001,1.305,0.009000000000000001
S1_1,543.0,-0.47805,4.675619999999999,3624.360000000001,1.305,0.009000000000000001
S1_1,544.0,-0.43833999999999995,4.67952,3759.296000000001,2.106,0.013999999999999999
S1_1,545.0,-0.39859,4.68307,3759.296000000001,1.955,0.013000000000000001
S1_1,546.0,-0.35881,4.68628,3759.296000000001,2.106,0.013999999999999999
S1_1,547.0,-0.31901,4.68916,3759.296000000001,2.256,0.015
S1_1,548.0,-0.27918000000000004,4.6917,3759.296000000001,2.407,0.016
S1_1,549.0,-0.23934,4.6939,3759.296000000001,2.256,0.015
S1_1,550.0,-0.19947,4.6957699999999996,3906.3860000000013,2.657,0.017
S1_1,551.0,-0.1596,4.69729,3906.3860000000013,2.501,0.016
S1_1,552.0,-0.11971,4.69848,3906.3860000000013,2.657,0.017
S1_1,553.0,-0.07981,4.699319999999998,3906.3860000000013,2.657,0.017
S1_1,554.0,-0.03991,4.69983,3906.3860000000013,2.813,0.018000000000000002
S1_1,555.0,0.0,4.7,4013.441000000001,2.73,0.017
S1_1,556.0,0.03991,4.69983,4006.461000000001,3.0460000000000003,0.019
S1_1,557.0,0.07981,4.699319999999998,4001.680000000001,2.8819999999999997,0.018000000000000002
S1_1,558.0,0.11971,4.69848,4046.280000000001,3.238,0.02
S1_1,559.0,0.1596,4.69729,4046.280000000001,3.238,0.02
S1_1,560.0,0.19947,4.6957699999999996,4032.4580000000014,3.227,0.02
S1_1,561.0,0.23934,4.6939,4206.532,3.534,0.021
S1_1,562.0,0.27918000000000004,4.6917,4206.532,3.7030000000000003,0.022000000000000002
S1_1,563.0,0.31901,4.68916,4161.932000000002,3.6630000000000003,0.022000000000000002
S1_1,564.0,0.35881,4.68628,4268.593,3.5869999999999997,0.021
S1_1,565.0,0.39859,4.68307,4268.593,3.4160000000000004,0.02
S1_1,566.0,0.43833999999999995,4.67952,4411.474999999997,3.3539999999999996,0.019
S1_1,567.0,0.47805,4.675619999999999,4456.024999999997,3.5660000000000003,0.02
S1_1,568.0,0.51773,4.6714,4456.024999999997,3.7439999999999998,0.021
S1_1,569.0,0.55738,4.66683,4361.7329999999965,3.49,0.02
S1_1,570.0,0.5969800000000001,4.66193,4403.371999999997,3.5239999999999996,0.02
S1_1,571.0,0.63655,4.6567,4403.371999999997,3.5239999999999996,0.02
S1_1,572.0,0.67606,4.65112,4403.371999999997,3.5239999999999996,0.02
S1_1,573.0,0.71553,4.64521,4549.083999999997,3.458,0.019
S1_1,574.0,0.7549399999999999,4.63897,4603.713999999997,3.8680000000000003,0.021
S1_1,575.0,0.7943,4.63239,4603.713999999997,3.8680000000000003,0.021
S1_1,576.0,0.8336100000000001,4.6254800000000005,4603.713999999997,3.8680000000000003,0.021
S1_1,577.0,0.87285,4.61824,4648.201999999998,3.905,0.021
S1_1,578.0,0.9120299999999999,4.61066,4670.926999999998,4.1110000000000015,0.022000000000000002
S1_1,579.0,0.95115,4.60275,4705.458999999998,4.518,0.024
S1_1,580.0,0.99019,4.59451,4705.458999999998,4.518,0.024
S1_1,581.0,1.0291700000000001,4.58594,4851.0499999999965,5.046,0.026000000000000002
S1_1,582.0,1.06807,4.5770300000000015,4750.454999999997,5.5120000000000005,0.028999999999999998
S1_1,583.0,1.10689,4.5678,4799.153999999998,5.376,0.027999999999999997
S1_1,584.0,1.14564,4.5582400000000005,4826.865999999998,5.601,0.028999999999999998
S1_1,585.0,1.1843,4.5483400000000005,4849.863999999999,5.8210000000000015,0.03
S1_1,586.0,1.2228700000000001,4.5381300000000016,4760.379999999998,5.904,0.031
S1_1,587.0,1.26136,4.52758,4950.383999999998,5.942,0.03
S1_1,588.0,1.29976,4.51671,4950.383999999998,6.5360000000000005,0.033
S1_1,589.0,1.33806,4.50551,5059.219999999998,6.275,0.031
S1_1,590.0,1.37627,4.4939800000000005,5052.239999999998,6.671,0.033
S1_1,591.0,1.4143700000000001,4.48214,5052.239999999998,6.671,0.033
S1_1,592.0,1.45238,4.46997,5047.458999999998,6.8660000000000005,0.034
S1_1,593.0,1.4902799999999998,4.45747,5069.9569999999985,7.1,0.035
S1_1,594.0,1.52807,4.44466,5046.383999999998,7.269,0.036000000000000004
S1_1,595.0,1.56576,4.43152,5073.812999999998,7.308,0.036000000000000004
S1_1,596.0,1.60333,4.418069999999998,5103.791999999999,7.351,0.036000000000000004
S1_1,597.0,1.64078,4.4043,5059.378999999998,7.692,0.038
S1_1,598.0,1.67812,4.39021,5059.378999999998,7.692,0.038
S1_1,599.0,1.71533,4.3758,5031.7829999999985,7.852,0.039
S1_1,600.0,1.75243,4.36108,5031.7829999999985,7.852,0.039
S1_1,601.0,1.78939,4.34604,5073.265999999999,7.916,0.039
S1_1,602.0,1.82623,4.33069,5014.436999999999,8.226,0.040999999999999995
S1_1,603.0,1.86293,4.31503,5025.257999999999,7.64,0.038
S1_1,604.0,1.8995,4.29906,4570.722999999999,7.864,0.043
S1_1,605.0,1.9359400000000002,4.282769999999998,4560.904999999999,8.029,0.044000000000000004
S1_1,606.0,1.97223,4.26618,4533.342999999999,7.981,0.044000000000000004
S1_1,607.0,2.00838,4.2492800000000015,4533.342999999999,7.981,0.044000000000000004
S1_1,608.0,2.04439,4.232080000000002,4489.016999999999,7.364,0.040999999999999995
S1_1,609.0,2.08025,4.21457,3808.6030000000014,7.4670000000000005,0.049
S1_1,610.0,2.11596,4.19675,3808.6030000000014,7.4670000000000005,0.049
S1_1,611.0,2.15151,4.17863,3828.697000000001,7.659,0.05
S1_1,612.0,2.18692,4.16022,3977.6250000000014,7.48,0.047
S1_1,613.0,2.2221599999999997,4.1415,3859.258,7.566,0.049
S1_1,614.0,2.2572400000000004,4.12248,3859.258,7.72,0.05
S1_1,615.0,2.29217,4.1031699999999995,3859.258,7.875,0.051
S1_1,616.0,2.32692,4.083559999999999,3859.258,7.875,0.051
S1_1,617.0,2.36151,4.06365,3842.573,7.532999999999999,0.049
S1_1,618.0,2.39593,4.04345,3724.322000000001,7.002999999999999,0.047
S1_1,619.0,2.43017,4.02297,3575.784000000001,6.581,0.046
S1_1,620.0,2.46424,4.0021900000000015,2821.4220000000014,5.983,0.053
S1_1,621.0,2.4981400000000002,3.9811199999999998,2870.0620000000013,6.086,0.053
S1_1,622.0,2.53185,3.95977,2870.0620000000013,5.971,0.052000000000000005
S1_1,623.0,2.5653799999999998,3.93813,2889.9960000000005,5.666,0.049
S1_1,624.0,2.59872,3.9162,2624.4390000000008,5.565,0.053
S1_1,625.0,2.6318799999999998,3.8939999999999997,2624.4390000000008,5.775,0.055
S1_1,626.0,2.66485,3.87151,2624.4390000000008,5.67,0.054000000000000006
S1_1,627.0,2.6976299999999998,3.8487400000000003,2624.4390000000008,5.565,0.053
S1_1,628.0,2.73021,3.8257,2624.4390000000008,5.25,0.05
S1_1,629.0,2.7625900000000003,3.8023800000000003,2370.688000000001,4.9319999999999995,0.052000000000000005
S1_1,630.0,2.79478,3.7787900000000003,2225.288000000001,4.808,0.054000000000000006
S1_1,631.0,2.8267599999999997,3.75492,2297.155000000001,4.871,0.053
S1_1,632.0,2.85854,3.73078,2297.155000000001,4.779,0.052000000000000005
S1_1,633.0,2.89011,3.7063800000000002,2289.489000000001,4.58,0.05
S1_1,634.0,2.92148,3.68171,2530.4720000000016,4.455,0.044000000000000004
S1_1,635.0,2.95263,3.65677,2383.960000000001,4.388,0.046
S1_1,636.0,2.98358,3.6315699999999995,2214.4260000000017,4.0760000000000005,0.046
S1_1,637.0,3.0143,3.6061,2214.4260000000017,3.5439999999999996,0.04
S1_1,638.0,3.04481,3.5803800000000003,1653.5780000000007,3.3739999999999997,0.051
S1_1,639.0,3.0751,3.5544,1507.8660000000007,3.258,0.054000000000000006
S1_1,640.0,3.10517,3.5281599999999997,1507.7500000000007,3.197,0.053
S1_1,641.0,3.13502,3.50167,1501.9660000000006,3.245,0.054000000000000006
S1_1,642.0,3.16463,3.4749199999999996,1471.8020000000006,3.298,0.055999999999999994
S1_1,643.0,3.19402,3.4479300000000004,1464.1360000000006,2.988,0.051
S1_1,644.0,3.2231799999999997,3.4206800000000004,1009.438,2.221,0.055
S1_1,645.0,3.25211,3.39319,1004.4010000000001,2.09,0.052000000000000005
S1_1,646.0,3.28081,3.3654599999999997,993.361,1.9469999999999998,0.049
S1_1,647.0,3.3092599999999996,3.3374800000000002,1004.182,1.848,0.046
S1_1,648.0,3.3374800000000002,3.3092599999999996,854.3720000000003,1.88,0.055
S1_1,649.0,3.3654599999999997,3.28081,854.3720000000003,1.88,0.055
S1_1,650.0,3.39319,3.25211,813.0920000000003,1.854,0.057
S1_1,651.0,3.4206800000000004,3.2231799999999997,764.4520000000001,1.805,0.059000000000000004
S1_1,652.0,3.4479300000000004,3.19402,764.4520000000001,1.743,0.057
S1_1,653.0,3.4749199999999996,3.16463,798.0730000000003,1.8519999999999999,0.057999999999999996
S1_1,654.0,3.50167,3.13502,798.0730000000003,1.82,0.057
S1_1,655.0,3.5281599999999997,3.10517,771.0510000000003,1.974,0.064
S1_1,656.0,3.5544,3.0751,915.3730000000003,1.9040000000000001,0.052000000000000005
S1_1,657.0,3.5803800000000003,3.04481,956.4160000000003,2.028,0.053
S1_1,658.0,3.6061,3.0143,1004.885,2.0909999999999997,0.052000000000000005
S1_1,659.0,3.6315699999999995,2.98358,1004.885,2.05,0.051
S1_1,660.0,3.65677,2.95263,1004.885,2.171,0.054000000000000006
S1_1,661.0,3.68171,2.92148,982.387,2.24,0.057
S1_1,662.0,3.7063800000000002,2.89011,982.387,2.24,0.057
S1_1,663.0,3.73078,2.85854,982.387,2.28,0.057999999999999996
S1_1,664.0,3.75492,2.8267599999999997,982.387,2.201,0.055999999999999994
S1_1,665.0,3.7787900000000003,2.79478,1072.5189999999998,2.274,0.053
S1_1,666.0,3.8023800000000003,2.7625900000000003,1018.167,2.241,0.055
S1_1,667.0,3.8257,2.73021,1018.167,2.1180000000000003,0.052000000000000005
S1_1,668.0,3.8487400000000003,2.6976299999999998,1018.167,1.996,0.049
S1_1,669.0,3.87151,2.66485,1205.4449999999995,1.9769999999999999,0.040999999999999995
S1_1,670.0,3.8939999999999997,2.6318799999999998,1060.0069999999996,1.824,0.043
S1_1,671.0,3.9162,2.59872,1060.0069999999996,1.824,0.043
S1_1,672.0,3.93813,2.5653799999999998,1060.0069999999996,1.824,0.043
S1_1,673.0,3.95977,2.53185,1060.0069999999996,1.9080000000000001,0.045
S1_1,674.0,3.9811199999999998,2.4981400000000002,1040.073,1.9140000000000001,0.046
S1_1,675.0,4.0021900000000015,2.46424,1040.073,1.956,0.047
S1_1,676.0,4.02297,2.43017,1040.073,1.956,0.047
S1_1,677.0,4.04345,2.39593,1040.073,1.9969999999999999,0.048
S1_1,678.0,4.06365,2.36151,1040.073,1.956,0.047
S1_1,679.0,4.083559999999999,2.32692,1018.4310000000003,1.9969999999999999,0.049
S1_1,680.0,4.1031699999999995,2.29217,1018.4310000000003,2.037,0.05
S1_1,681.0,4.12248,2.2572400000000004,1019.7220000000003,2.04,0.05
S1_1,682.0,4.1415,2.2221599999999997,1068.4899999999998,2.138,0.05
S1_1,683.0,4.16022,2.18692,1020.0210000000003,2.204,0.054000000000000006
S1_1,684.0,4.17863,2.15151,1200.9520000000002,2.21,0.046
S1_1,685.0,4.19675,2.11596,1200.9520000000002,2.21,0.046
S1_1,686.0,4.21457,2.08025,1200.9520000000002,2.258,0.047
S1_1,687.0,4.232080000000002,2.04439,1200.9520000000002,2.258,0.047
S1_1,688.0,4.2492800000000015,2.00838,1202.025,2.4530000000000003,0.051
S1_1,689.0,4.26618,1.97223,1202.025,2.3080000000000003,0.048
S1_1,690.0,4.282769999999998,1.9359400000000002,1202.025,2.164,0.045
S1_1,691.0,4.29906,1.8995,1202.025,1.972,0.040999999999999995
S1_1,692.0,4.31503,1.86293,1236.1910000000005,2.275,0.046
S1_1,693.0,4.33069,1.82623,1216.4250000000004,2.287,0.047
S1_1,694.0,4.34604,1.78939,1217.7160000000003,2.339,0.048
S1_1,695.0,4.36108,1.75243,1217.7160000000003,2.339,0.048
S1_1,696.0,4.3758,1.71533,1401.2450000000006,2.915,0.052000000000000005
S1_1,697.0,4.39021,1.67812,1401.2450000000006,3.0269999999999997,0.054000000000000006
S1_1,698.0,4.4043,1.64078,1433.1120000000005,3.154,0.055
S1_1,699.0,4.418069999999998,1.60333,1433.1120000000005,3.2110000000000003,0.055999999999999994
S1_1,700.0,4.43152,1.56576,1618.4310000000007,3.6910000000000003,0.057
S1_1,701.0,4.44466,1.52807,1649.8310000000006,3.763,0.057
S1_1,702.0,4.45747,1.4902799999999998,1649.8310000000006,3.763,0.057
S1_1,703.0,4.46997,1.45238,1649.8310000000006,3.763,0.057
S1_1,704.0,4.48214,1.4143700000000001,1649.8310000000006,3.8289999999999997,0.057999999999999996
S1_1,705.0,4.4939800000000005,1.37627,1738.9270000000006,4.105,0.059000000000000004
S1_1,706.0,4.50551,1.33806,1738.9270000000006,4.1739999999999995,0.06
S1_1,707.0,4.51671,1.29976,1740.2180000000005,4.178,0.06
S1_1,708.0,4.52758,1.26136,2172.4050000000007,5.563,0.064
S1_1,709.0,4.5381300000000016,1.2228700000000001,2429.7539999999995,6.027,0.062
S1_1,710.0,4.5483400000000005,1.1843,2434.7219999999993,6.04,0.062
S1_1,711.0,4.5582400000000005,1.14564,2437.9739999999993,6.047999999999999,0.062
S1_1,712.0,4.5678,1.10689,2377.590999999999,5.803,0.061
S1_1,713.0,4.5770300000000015,1.06807,2377.590999999999,5.803,0.061
S1_1,714.0,4.58594,1.0291700000000001,1877.371,5.6339999999999995,0.075
S1_1,715.0,4.59451,0.99019,2321.172,7.522,0.081
S1_1,716.0,4.60275,0.95115,2318.688,7.5139999999999985,0.081
S1_1,717.0,4.61066,0.9120299999999999,2350.098,7.71,0.08199999999999999
S1_1,718.0,4.61824,0.87285,2350.098,7.71,0.08199999999999999
S1_1,719.0,4.6254800000000005,0.8336100000000001,2350.098,7.8039999999999985,0.083
S1_1,720.0,4.63239,0.7943,2350.098,7.898,0.084
S1_1,721.0,4.63897,0.7549399999999999,2350.098,7.992000000000001,0.085
S1_1,722.0,4.64521,0.71553,2350.098,7.992000000000001,0.085
S1_1,723.0,4.65112,0.67606,2805.6609999999996,10.215,0.091
S1_1,724.0,4.6567,0.63655,2805.6609999999996,10.44,0.09300000000000001
S1_1,725.0,4.66193,0.5969800000000001,2840.42,10.455,0.092
S1_1,726.0,4.66683,0.55738,2841.188,10.572000000000001,0.09300000000000001
S1_1,727.0,4.6714,0.51773,2841.188,10.572000000000001,0.09300000000000001
S1_1,728.0,4.675619999999999,0.47805,2841.188,11.027000000000001,0.09699999999999999
S1_1,729.0,4.67952,0.43833999999999995,2841.188,11.14,0.098
S1_1,730.0,4.68307,0.39859,3308.612,13.503,0.102
S1_1,731.0,4.68628,0.35881,3308.612,13.503,0.102
S1_1,732.0,4.68916,0.31901,3308.612,13.503,0.102
S1_1,733.0,4.6917,0.27918000000000004,3222.4959999999996,13.409,0.10400000000000001
S1_1,734.0,4.6939,0.23934,3222.4959999999996,12.12,0.094
S1_1,735.0,4.6957699999999996,0.19947,3095.7329999999997,9.908999999999999,0.08
S1_1,736.0,4.69729,0.1596,3095.7329999999997,7.803,0.063
S1_1,737.0,4.69848,0.11971,3095.7329999999997,5.945,0.048
S1_1,738.0,4.699319999999998,0.07981,3575.0679999999998,4.291,0.03
S1_1,739.0,4.69983,0.03991,3578.185,1.432,0.01
S2_1,1.0,1.98,-0.0,307.564,0.111,0.012
S2_1,2.0,1.97977,-0.03005,307.564,0.129,0.014
S2_1,3.0,1.97909,-0.06009,307.564,0.129,0.014
S2_1,4.0,1.97795,-0.09012,329.24799999999993,0.14800000000000002,0.015
S2_1,5.0,1.97635,-0.12013,329.24799999999993,0.17800000000000002,0.018000000000000002
S2_1,6.0,1.9743,-0.15011,329.24799999999993,0.17800000000000002,0.018000000000000002
S2_1,7.0,1.9718,-0.18005,329.24799999999993,0.188,0.019
S2_1,8.0,1.96884,-0.20995,329.24799999999993,0.188,0.019
S2_1,9.0,1.96542,-0.23981,329.24799999999993,0.17800000000000002,0.018000000000000002
S2_1,10.0,1.96156,-0.26961,329.24799999999993,0.17800000000000002,0.018000000000000002
S2_1,11.0,1.95724,-0.29935,327.414,0.16699999999999998,0.017
S2_1,12.0,1.95247,-0.32902,313.96699999999987,0.151,0.016
S2_1,13.0,1.94725,-0.35861,313.96699999999987,0.151,0.016
S2_1,14.0,1.94159,-0.38812,337.4529999999998,0.162,0.016
S2_1,15.0,1.93547,-0.41754,321.95899999999995,0.203,0.021
S2_1,16.0,1.92891,-0.44687,321.95899999999995,0.193,0.02
S2_1,17.0,1.92191,-0.47609,321.95899999999995,0.184,0.019
S2_1,18.0,1.91446,-0.5052,321.95899999999995,0.174,0.018000000000000002
S2_1,19.0,1.90658,-0.5342,298.36299999999994,0.152,0.017
S2_1,20.0,1.89825,-0.56307,298.36299999999994,0.14300000000000002,0.016
S2_1,21.0,1.88949,-0.5918100000000001,298.36299999999994,0.134,0.015
S2_1,22.0,1.88029,-0.62042,298.36299999999994,0.126,0.014
S2_1,23.0,1.87065,-0.64889,321.82199999999995,0.16399999999999998,0.017
S2_1,24.0,1.86059,-0.6772,321.82199999999995,0.184,0.019
S2_1,25.0,1.8501,-0.70536,321.82199999999995,0.174,0.018000000000000002
S2_1,26.0,1.83918,-0.73335,323.07699999999994,0.165,0.017
S2_1,27.0,1.82784,-0.76118,315.302,0.142,0.015
S2_1,28.0,1.81608,-0.78883,307.52699999999993,0.12,0.013
S2_1,29.0,1.8039,-0.8163,308.78199999999987,0.121,0.013
S2_1,30.0,1.7913,-0.84359,285.2269999999998,0.094,0.011
S2_1,31.0,1.77829,-0.87067,285.2269999999998,0.094,0.011
S2_1,32.0,1.7648700000000002,-0.89756,286.4819999999998,0.095,0.011
S2_1,33.0,1.75105,-0.92424,286.4819999999998,0.095,0.011
S2_1,34.0,1.73682,-0.95071,286.4819999999998,0.086,0.01
S2_1,35.0,1.72219,-0.97696,287.7369999999999,0.078,0.009000000000000001
S2_1,36.0,1.70717,-1.00298,287.7369999999999,0.069,0.008
S2_1,37.0,1.69175,-1.02878,287.7369999999999,0.069,0.008
S2_1,38.0,1.6759400000000002,-1.05433,273.49799999999993,0.058,0.006999999999999999
S2_1,39.0,1.65975,-1.07965,273.49799999999993,0.049,0.006
S2_1,40.0,1.64317,-1.10471,249.97999999999996,0.053,0.006999999999999999
S2_1,41.0,1.62622,-1.12952,249.97999999999996,0.045,0.006
S2_1,42.0,1.60889,-1.1540700000000002,249.97999999999996,0.045,0.006
S2_1,43.0,1.59119,-1.17835,249.97999999999996,0.045,0.006
S2_1,44.0,1.57312,-1.2023700000000002,274.49799999999993,0.058,0.006999999999999999
S2_1,45.0,1.55469,-1.2261,274.49799999999993,0.058,0.006999999999999999
S2_1,46.0,1.53591,-1.24955,268.8259999999999,0.065,0.008
S2_1,47.0,1.5167700000000002,-1.27272,268.8259999999999,0.065,0.008
S2_1,48.0,1.49728,-1.29559,268.30999999999995,0.056,0.006999999999999999
S2_1,49.0,1.47744,-1.31817,292.8159999999998,0.07,0.008
S2_1,50.0,1.45727,-1.34044,268.814,0.081,0.01
S2_1,51.0,1.43676,-1.3624,268.814,0.081,0.01
S2_1,52.0,1.41592,-1.38404,268.29799999999994,0.073,0.009000000000000001
S2_1,53.0,1.39475,-1.40537,292.795,0.08800000000000001,0.01
S2_1,54.0,1.37326,-1.42638,292.27899999999994,0.105,0.012
S2_1,55.0,1.35146,-1.44706,316.77099999999996,0.114,0.012
S2_1,56.0,1.32934,-1.4674,340.746,0.133,0.013
S2_1,57.0,1.30692,-1.4874,325.2519999999999,0.156,0.016
S2_1,58.0,1.28419,-1.50707,325.2519999999999,0.156,0.016
S2_1,59.0,1.26117,-1.5263799999999998,325.2519999999999,0.17600000000000002,0.018000000000000002
S2_1,60.0,1.23786,-1.54535,325.2519999999999,0.18600000000000005,0.019
S2_1,61.0,1.2142700000000002,-1.56395,301.79299999999995,0.172,0.019
S2_1,62.0,1.19039,-1.5822,295.518,0.16,0.018000000000000002
S2_1,63.0,1.16624,-1.60009,295.518,0.16,0.018000000000000002
S2_1,64.0,1.14183,-1.6176,295.518,0.151,0.017
S2_1,65.0,1.11715,-1.63474,295.518,0.133,0.015
S2_1,66.0,1.09221,-1.6515099999999998,295.518,0.124,0.014
S2_1,67.0,1.06702,-1.66789,271.0,0.122,0.015
S2_1,68.0,1.04158,-1.6839,271.0,0.114,0.014
S2_1,69.0,1.01591,-1.69951,271.0,0.114,0.014
S2_1,70.0,0.99,-1.71473,271.0,0.106,0.013
S2_1,71.0,0.96386,-1.7295599999999998,271.0,0.098,0.012
S2_1,72.0,0.9375,-1.7439900000000002,271.0,0.081,0.01
S2_1,73.0,0.91093,-1.75801,271.0,0.073,0.009000000000000001
S2_1,74.0,0.8841399999999999,-1.77163,246.49400000000003,0.067,0.009000000000000001
S2_1,75.0,0.85716,-1.78485,246.49400000000003,0.067,0.009000000000000001
S2_1,76.0,0.8299700000000001,-1.79765,231.0,0.062,0.009000000000000001
S2_1,77.0,0.8025899999999999,-1.81004,231.0,0.056,0.008
S2_1,78.0,0.77503,-1.82201,231.0,0.056,0.008
S2_1,79.0,0.74729,-1.83356,231.0,0.049,0.006999999999999999
S2_1,80.0,0.71938,-1.84469,231.0,0.042,0.006
S2_1,81.0,0.6913,-1.8554,231.0,0.035,0.005
S2_1,82.0,0.66306,-1.86568,206.503,0.031,0.005
S2_1,83.0,0.63467,-1.87552,206.503,0.031,0.005
S2_1,84.0,0.6061300000000001,-1.88494,195.141,0.023,0.004
S2_1,85.0,0.5774600000000001,-1.89392,195.141,0.023,0.004
S2_1,86.0,0.54865,-1.90247,195.141,0.023,0.004
S2_1,87.0,0.51971,-1.91057,195.141,0.012,0.002
S2_1,88.0,0.49066,-1.91824,170.649,0.01,0.002
S2_1,89.0,0.46149,-1.92547,170.649,0.01,0.002
S2_1,90.0,0.43222,-1.93225,170.649,0.01,0.002
S2_1,91.0,0.40284,-1.93859,170.649,0.005,0.001
S2_1,92.0,0.3733800000000001,-1.94448,170.649,0.005,0.001
S2_1,93.0,0.34382,-1.94992,69.939,0.004,0.002
S2_1,94.0,0.31419,-1.95491,69.939,0.002,0.001
S2_1,95.0,0.28449,-1.95946,45.448,0.0,0.0
S2_1,96.0,0.25472,-1.96355,0.0,0.0,0.0
S2_1,97.0,0.22489,-1.96719,0.0,0.0,0.0
S2_1,98.0,0.19501,-1.97037,0.0,0.0,0.0
S2_1,99.0,0.16508,-1.97311,0.0,0.0,0.0
S2_1,100.0,0.13512000000000002,-1.97538,0.0,0.0,0.0
S2_1,101.0,0.10513,-1.97721,0.0,0.0,0.0
S2_1,102.0,0.07511,-1.97857,0.0,0.0,0.0
S2_1,103.0,0.04507,-1.97949,0.0,0.0,0.0
S2_1,104.0,0.01502,-1.9799400000000005,0.0,0.0,0.0
S2_1,105.0,-0.01502,-1.9799400000000005,0.0,0.0,0.0
S2_1,106.0,-0.04507,-1.97949,0.0,0.0,0.0
S2_1,107.0,-0.07511,-1.97857,0.0,0.0,0.0
S2_1,108.0,-0.10513,-1.97721,0.0,0.0,0.0
S2_1,109.0,-0.13512000000000002,-1.97538,0.0,0.0,0.0
S2_1,110.0,-0.16508,-1.97311,0.0,0.0,0.0
S2_1,111.0,-0.19501,-1.97037,0.0,0.0,0.0
S2_1,112.0,-0.22489,-1.96719,0.0,0.0,0.0
S2_1,113.0,-0.25472,-1.96355,0.0,0.0,0.0
S2_1,114.0,-0.28449,-1.95946,0.0,0.0,0.0
S2_1,115.0,-0.31419,-1.95491,0.0,0.0,0.0
S2_1,116.0,-0.34382,-1.94992,0.0,0.0,0.0
S2_1,117.0,-0.3733800000000001,-1.94448,0.0,0.0,0.0
S2_1,118.0,-0.40284,-1.93859,0.0,0.0,0.0
S2_1,119.0,-0.43222,-1.93225,0.0,0.0,0.0
S2_1,120.0,-0.46149,-1.92547,0.0,0.0,0.0
S2_1,121.0,-0.49066,-1.91824,0.0,0.0,0.0
S2_1,122.0,-0.51971,-1.91057,0.0,0.0,0.0
S2_1,123.0,-0.54865,-1.90247,0.0,0.0,0.0
S2_1,124.0,-0.5774600000000001,-1.89392,0.0,0.0,0.0
S2_1,125.0,-0.6061300000000001,-1.88494,0.0,0.0,0.0
S2_1,126.0,-0.63467,-1.87552,0.0,0.0,0.0
S2_1,127.0,-0.66306,-1.86568,0.0,0.0,0.0
S2_1,128.0,-0.6913,-1.8554,0.0,0.0,0.0
S2_1,129.0,-0.71938,-1.84469,0.0,0.0,0.0
S2_1,130.0,-0.74729,-1.83356,0.0,0.0,0.0
S2_1,131.0,-0.77503,-1.82201,0.0,0.0,0.0
S2_1,132.0,-0.8025899999999999,-1.81004,0.0,0.0,0.0
S2_1,133.0,-0.8299700000000001,-1.79765,0.0,0.0,0.0
S2_1,134.0,-0.85716,-1.78485,0.0,0.0,0.0
S2_1,135.0,-0.8841399999999999,-1.77163,0.0,0.0,0.0
S2_1,136.0,-0.91093,-1.75801,0.0,0.0,0.0
S2_1,137.0,-0.9375,-1.7439900000000002,0.0,0.0,0.0
S2_1,138.0,-0.96386,-1.7295599999999998,0.0,0.0,0.0
S2_1,139.0,-0.99,-1.71473,0.0,0.0,0.0
S2_1,140.0,-1.01591,-1.69951,0.0,0.0,0.0
S2_1,141.0,-1.04158,-1.6839,0.0,0.0,0.0
S2_1,142.0,-1.06702,-1.66789,0.0,0.0,0.0
S2_1,143.0,-1.09221,-1.6515099999999998,0.0,0.0,0.0
S2_1,144.0,-1.11715,-1.63474,0.0,0.0,0.0
S2_1,145.0,-1.14183,-1.6176,0.0,0.0,0.0
S2_1,146.0,-1.16624,-1.60009,0.0,0.0,0.0
S2_1,147.0,-1.19039,-1.5822,0.0,0.0,0.0
S2_1,148.0,-1.2142700000000002,-1.56395,0.0,0.0,0.0
S2_1,149.0,-1.23786,-1.54535,0.0,0.0,0.0
S2_1,150.0,-1.26117,-1.5263799999999998,0.0,0.0,0.0
S2_1,151.0,-1.28419,-1.50707,0.0,0.0,0.0
S2_1,152.0,-1.30692,-1.4874,0.0,0.0,0.0
S2_1,153.0,-1.32934,-1.4674,0.0,0.0,0.0
S2_1,154.0,-1.35146,-1.44706,0.0,0.0,0.0
S2_1,155.0,-1.37326,-1.42638,0.0,0.0,0.0
S2_1,156.0,-1.39475,-1.40537,0.0,0.0,0.0
S2_1,157.0,-1.41592,-1.38404,0.0,0.0,0.0
S2_1,158.0,-1.43676,-1.3624,0.0,0.0,0.0
S2_1,159.0,-1.45727,-1.34044,0.0,0.0,0.0
S2_1,160.0,-1.47744,-1.31817,0.0,0.0,0.0
S2_1,161.0,-1.49728,-1.29559,0.0,0.0,0.0
S2_1,162.0,-1.5167700000000002,-1.27272,0.0,0.0,0.0
S2_1,163.0,-1.53591,-1.24955,0.0,0.0,0.0
S2_1,164.0,-1.55469,-1.2261,0.0,0.0,0.0
S2_1,165.0,-1.57312,-1.2023700000000002,0.0,0.0,0.0
S2_1,166.0,-1.59119,-1.17835,0.0,0.0,0.0
S2_1,167.0,-1.60889,-1.1540700000000002,0.0,0.0,0.0
S2_1,168.0,-1.62622,-1.12952,0.0,0.0,0.0
S2_1,169.0,-1.64317,-1.10471,0.0,0.0,0.0
S2_1,170.0,-1.65975,-1.07965,0.0,0.0,0.0
S2_1,171.0,-1.6759400000000002,-1.05433,0.0,0.0,0.0
S2_1,172.0,-1.69175,-1.02878,0.0,0.0,0.0
S2_1,173.0,-1.70717,-1.00298,0.0,0.0,0.0
S2_1,174.0,-1.72219,-0.97696,0.0,0.0,0.0
S2_1,175.0,-1.73682,-0.95071,0.0,0.0,0.0
S2_1,176.0,-1.75105,-0.92424,0.0,0.0,0.0
S2_1,177.0,-1.7648700000000002,-0.89756,0.0,0.0,0.0
S2_1,178.0,-1.77829,-0.87067,0.0,0.0,0.0
S2_1,179.0,-1.7913,-0.84359,0.0,0.0,0.0
S2_1,180.0,-1.8039,-0.8163,0.0,0.0,0.0
S2_1,181.0,-1.81608,-0.78883,0.0,0.0,0.0
S2_1,182.0,-1.82784,-0.76118,0.0,0.0,0.0
S2_1,183.0,-1.83918,-0.73335,0.0,0.0,0.0
S2_1,184.0,-1.8501,-0.70536,0.0,0.0,0.0
S2_1,185.0,-1.86059,-0.6772,0.0,0.0,0.0
S2_1,186.0,-1.87065,-0.64889,0.0,0.0,0.0
S2_1,187.0,-1.88029,-0.62042,0.0,0.0,0.0
S2_1,188.0,-1.88949,-0.5918100000000001,0.0,0.0,0.0
S2_1,189.0,-1.89825,-0.56307,0.0,0.0,0.0
S2_1,190.0,-1.90658,-0.5342,0.0,0.0,0.0
S2_1,191.0,-1.91446,-0.5052,0.0,0.0,0.0
S2_1,192.0,-1.92191,-0.47609,0.0,0.0,0.0
S2_1,193.0,-1.92891,-0.44687,0.0,0.0,0.0
S2_1,194.0,-1.93547,-0.41754,0.0,0.0,0.0
S2_1,195.0,-1.94159,-0.38812,0.0,0.0,0.0
S2_1,196.0,-1.94725,-0.35861,0.0,0.0,0.0
S2_1,197.0,-1.95247,-0.32902,0.0,0.0,0.0
S2_1,198.0,-1.95724,-0.29935,0.0,0.0,0.0
S2_1,199.0,-1.96156,-0.26961,0.0,0.0,0.0
S2_1,200.0,-1.96542,-0.23981,0.0,0.0,0.0
S2_1,201.0,-1.96884,-0.20995,0.0,0.0,0.0
S2_1,202.0,-1.9718,-0.18005,0.0,0.0,0.0
S2_1,203.0,-1.9743,-0.15011,0.0,0.0,0.0
S2_1,204.0,-1.97635,-0.12013,0.0,0.0,0.0
S2_1,205.0,-1.97795,-0.09012,0.0,0.0,0.0
S2_1,206.0,-1.97909,-0.06009,0.0,0.0,0.0
S2_1,207.0,-1.97977,-0.03005,0.0,0.0,0.0
S2_1,208.0,-1.98,0.0,0.0,0.0,0.0
S2_1,209.0,-1.97977,0.0299,0.0,0.0,0.0
S2_1,210.0,-1.9791,0.0598,0.0,0.0,0.0
S2_1,211.0,-1.97797,0.08968999999999999,0.0,0.0,0.0
S2_1,212.0,-1.97639,0.11955,0.0,0.0,0.0
S2_1,213.0,-1.97436,0.14939000000000002,0.0,0.0,0.0
S2_1,214.0,-1.97188,0.17919000000000002,0.0,0.0,0.0
S2_1,215.0,-1.96894,0.20895,0.0,0.0,0.0
S2_1,216.0,-1.96556,0.23866,0.0,0.0,0.0
S2_1,217.0,-1.96173,0.26832,0.0,0.0,0.0
S2_1,218.0,-1.95746,0.29792,0.0,0.0,0.0
S2_1,219.0,-1.95274,0.32745,0.0,0.0,0.0
S2_1,220.0,-1.94757,0.3569,0.0,0.0,0.0
S2_1,221.0,-1.94195,0.38628,0.0,0.0,0.0
S2_1,222.0,-1.9359,0.41556,0.0,0.0,0.0
S2_1,223.0,-1.9294,0.44476,0.0,0.0,0.0
S2_1,224.0,-1.92246,0.47385,0.0,0.0,0.0
S2_1,225.0,-1.91509,0.50283,0.0,0.0,0.0
S2_1,226.0,-1.90728,0.53169,0.0,0.0,0.0
S2_1,227.0,-1.89903,0.5604399999999999,0.0,0.0,0.0
S2_1,228.0,-1.89035,0.58906,0.0,0.0,0.0
S2_1,229.0,-1.88124,0.61754,0.0,0.0,0.0
S2_1,230.0,-1.87169,0.64588,0.0,0.0,0.0
S2_1,231.0,-1.86173,0.67408,0.0,0.0,0.0
S2_1,232.0,-1.85133,0.70212,0.0,0.0,0.0
S2_1,233.0,-1.84052,0.73,0.0,0.0,0.0
S2_1,234.0,-1.82928,0.75771,0.0,0.0,0.0
S2_1,235.0,-1.81763,0.78525,0.0,0.0,0.0
S2_1,236.0,-1.80556,0.81262,0.0,0.0,0.0
S2_1,237.0,-1.79308,0.8397899999999999,0.0,0.0,0.0
S2_1,238.0,-1.7801900000000002,0.8667799999999999,0.0,0.0,0.0
S2_1,239.0,-1.7669,0.8935700000000001,0.0,0.0,0.0
S2_1,240.0,-1.7532,0.92015,0.0,0.0,0.0
S2_1,241.0,-1.73911,0.94653,0.0,0.0,0.0
S2_1,242.0,-1.7246099999999998,0.97268,0.0,0.0,0.0
S2_1,243.0,-1.70972,0.99862,0.0,0.0,0.0
S2_1,244.0,-1.69445,1.02433,0.0,0.0,0.0
S2_1,245.0,-1.67878,1.0498,0.0,0.0,0.0
S2_1,246.0,-1.66274,1.07504,0.0,0.0,0.0
S2_1,247.0,-1.64631,1.1000299999999998,0.0,0.0,0.0
S2_1,248.0,-1.62951,1.12477,0.0,0.0,0.0
S2_1,249.0,-1.6123299999999998,1.14925,0.0,0.0,0.0
S2_1,250.0,-1.59479,1.17347,0.0,0.0,0.0
S2_1,251.0,-1.57689,1.1974200000000002,0.0,0.0,0.0
S2_1,252.0,-1.55862,1.2211,0.0,0.0,0.0
S2_1,253.0,-1.54,1.2445,0.0,0.0,0.0
S2_1,254.0,-1.52103,1.26762,0.0,0.0,0.0
S2_1,255.0,-1.50171,1.29045,0.0,0.0,0.0
S2_1,256.0,-1.48205,1.31298,0.0,0.0,0.0
S2_1,257.0,-1.46205,1.33522,0.0,0.0,0.0
S2_1,258.0,-1.44172,1.35715,0.0,0.0,0.0
S2_1,259.0,-1.42106,1.37877,0.0,0.0,0.0
S2_1,260.0,-1.40007,1.40007,0.0,0.0,0.0
S2_1,261.0,-1.37877,1.42106,0.0,0.0,0.0
S2_1,262.0,-1.35715,1.44172,0.0,0.0,0.0
S2_1,263.0,-1.33522,1.46205,0.0,0.0,0.0
S2_1,264.0,-1.31298,1.48205,0.0,0.0,0.0
S2_1,265.0,-1.29045,1.50171,0.0,0.0,0.0
S2_1,266.0,-1.26762,1.52103,0.0,0.0,0.0
S2_1,267.0,-1.2445,1.54,0.0,0.0,0.0
S2_1,268.0,-1.2211,1.55862,0.0,0.0,0.0
S2_1,269.0,-1.1974200000000002,1.57689,0.0,0.0,0.0
S2_1,270.0,-1.17347,1.59479,0.0,0.0,0.0
S2_1,271.0,-1.14925,1.6123299999999998,0.0,0.0,0.0
S2_1,272.0,-1.12477,1.62951,0.0,0.0,0.0
S2_1,273.0,-1.1000299999999998,1.64631,0.0,0.0,0.0
S2_1,274.0,-1.07504,1.66274,0.0,0.0,0.0
S2_1,275.0,-1.0498,1.67878,0.0,0.0,0.0
S2_1,276.0,-1.02433,1.69445,0.0,0.0,0.0
S2_1,277.0,-0.99862,1.70972,0.0,0.0,0.0
S2_1,278.0,-0.97268,1.7246099999999998,0.0,0.0,0.0
S2_1,279.0,-0.94653,1.73911,0.0,0.0,0.0
S2_1,280.0,-0.92015,1.7532,0.0,0.0,0.0
S2_1,281.0,-0.8935700000000001,1.7669,0.0,0.0,0.0
S2_1,282.0,-0.8667799999999999,1.7801900000000002,0.0,0.0,0.0
S2_1,283.0,-0.8397899999999999,1.79308,0.0,0.0,0.0
S2_1,284.0,-0.81262,1.80556,0.0,0.0,0.0
S2_1,285.0,-0.78525,1.81763,0.0,0.0,0.0
S2_1,286.0,-0.75771,1.82928,0.0,0.0,0.0
S2_1,287.0,-0.73,1.84052,0.0,0.0,0.0
S2_1,288.0,-0.70212,1.85133,0.0,0.0,0.0
S2_1,289.0,-0.67408,1.86173,0.0,0.0,0.0
S2_1,290.0,-0.64588,1.87169,0.0,0.0,0.0
S2_1,291.0,-0.61754,1.88124,0.0,0.0,0.0
S2_1,292.0,-0.58906,1.89035,0.0,0.0,0.0
S2_1,293.0,-0.5604399999999999,1.89903,0.0,0.0,0.0
S2_1,294.0,-0.53169,1.90728,0.0,0.0,0.0
S2_1,295.0,-0.50283,1.91509,0.0,0.0,0.0
S2_1,296.0,-0.47385,1.92246,0.0,0.0,0.0
S2_1,297.0,-0.44476,1.9294,0.0,0.0,0.0
S2_1,298.0,-0.41556,1.9359,0.0,0.0,0.0
S2_1,299.0,-0.38628,1.94195,0.0,0.0,0.0
S2_1,300.0,-0.3569,1.94757,79.11500000000002,0.005,0.002
S2_1,301.0,-0.32745,1.95274,78.818,0.005,0.002
S2_1,302.0,-0.29792,1.95746,78.818,0.006999999999999999,0.003
S2_1,303.0,-0.26832,1.96173,78.818,0.012,0.005
S2_1,304.0,-0.23866,1.96556,421.28299999999984,0.063,0.005
S2_1,305.0,-0.20895,1.96894,421.28299999999984,0.063,0.005
S2_1,306.0,-0.17919000000000002,1.97188,421.28299999999984,0.101,0.008
S2_1,307.0,-0.14939000000000002,1.97436,421.28299999999984,0.114,0.009000000000000001
S2_1,308.0,-0.11955,1.97639,421.28299999999984,0.139,0.011
S2_1,309.0,-0.08968999999999999,1.97797,421.28299999999984,0.165,0.013
S2_1,310.0,-0.0598,1.9791,421.28299999999984,0.165,0.013
S2_1,311.0,-0.0299,1.97977,425.10899999999987,0.166,0.013
S2_1,312.0,0.0,1.98,425.10899999999987,0.179,0.014
S2_1,313.0,0.0299,1.97977,425.10899999999987,0.192,0.015
S2_1,314.0,0.0598,1.9791,425.10899999999987,0.192,0.015
S2_1,315.0,0.08968999999999999,1.97797,425.10899999999987,0.192,0.015
S2_1,316.0,0.11955,1.97639,425.10899999999987,0.192,0.015
S2_1,317.0,0.14939000000000002,1.97436,425.10899999999987,0.217,0.017
S2_1,318.0,0.17919000000000002,1.97188,425.10899999999987,0.217,0.017
S2_1,319.0,0.20895,1.96894,425.10899999999987,0.23,0.018000000000000002
S2_1,320.0,0.23866,1.96556,425.10899999999987,0.243,0.019
S2_1,321.0,0.26832,1.96173,425.10899999999987,0.268,0.021
S2_1,322.0,0.29792,1.95746,446.95899999999983,0.269,0.02
S2_1,323.0,0.32745,1.95274,446.95899999999983,0.269,0.02
S2_1,324.0,0.3569,1.94757,446.95899999999983,0.295,0.022
S2_1,325.0,0.38628,1.94195,446.95899999999983,0.309,0.023
S2_1,326.0,0.41556,1.9359,446.95899999999983,0.322,0.024
S2_1,327.0,0.44476,1.9294,446.95899999999983,0.322,0.024
S2_1,328.0,0.47385,1.92246,450.78499999999985,0.325,0.024
S2_1,329.0,0.50283,1.91509,450.78499999999985,0.339,0.025
S2_1,330.0,0.53169,1.90728,450.78499999999985,0.366,0.027000000000000003
S2_1,331.0,0.5604399999999999,1.89903,450.78499999999985,0.379,0.028
S2_1,332.0,0.58906,1.89035,450.78499999999985,0.406,0.03
S2_1,333.0,0.61754,1.88124,450.78499999999985,0.406,0.03
S2_1,334.0,0.64588,1.87169,450.78499999999985,0.42,0.031
S2_1,335.0,0.67408,1.86173,450.78499999999985,0.42,0.031
S2_1,336.0,0.70212,1.85133,450.78499999999985,0.406,0.03
S2_1,337.0,0.73,1.84052,450.78499999999985,0.366,0.027000000000000003
S2_1,338.0,0.75771,1.82928,450.78499999999985,0.339,0.025
S2_1,339.0,0.78525,1.81763,428.91999999999985,0.29600000000000004,0.023
S2_1,340.0,0.81262,1.80556,428.91999999999985,0.245,0.019
S2_1,341.0,0.8397899999999999,1.79308,349.80499999999995,0.189,0.018000000000000002
S2_1,342.0,0.8667799999999999,1.7801900000000002,365.62799999999993,0.198,0.018000000000000002
S2_1,343.0,0.8935700000000001,1.7669,371.61199999999997,0.19,0.017
S2_1,344.0,0.92015,1.7532,371.61199999999997,0.19,0.017
S2_1,345.0,0.94653,1.73911,371.61199999999997,0.19,0.017
S2_1,346.0,0.97268,1.7246099999999998,361.144,0.174,0.016
S2_1,347.0,0.99862,1.70972,339.2940000000001,0.173,0.017
S2_1,348.0,1.02433,1.69445,337.449,0.162,0.016
S2_1,349.0,1.0498,1.67878,337.449,0.172,0.017
S2_1,350.0,1.07504,1.66274,337.449,0.172,0.017
S2_1,351.0,1.1000299999999998,1.64631,337.449,0.172,0.017
S2_1,352.0,1.12477,1.62951,337.449,0.172,0.017
S2_1,353.0,1.14925,1.6123299999999998,337.449,0.183,0.018000000000000002
S2_1,354.0,1.17347,1.59479,333.62199999999996,0.18,0.018000000000000002
S2_1,355.0,1.1974200000000002,1.57689,333.62199999999996,0.18,0.018000000000000002
S2_1,356.0,1.2211,1.55862,333.62199999999996,0.18,0.018000000000000002
S2_1,357.0,1.2445,1.54,329.796,0.168,0.017
S2_1,358.0,1.26762,1.52103,329.796,0.159,0.016
S2_1,359.0,1.29045,1.50171,294.5660000000001,0.142,0.016
S2_1,360.0,1.31298,1.48205,288.89400000000006,0.14800000000000002,0.017
S2_1,361.0,1.33522,1.46205,288.89400000000006,0.14800000000000002,0.017
S2_1,362.0,1.35715,1.44172,288.89400000000006,0.14800000000000002,0.017
S2_1,363.0,1.37877,1.42106,288.89400000000006,0.14800000000000002,0.017
S2_1,364.0,1.40007,1.40007,310.6330000000001,0.159,0.017
S2_1,365.0,1.42106,1.37877,310.6330000000001,0.131,0.014
S2_1,366.0,1.44172,1.35715,288.826,0.122,0.014
S2_1,367.0,1.46205,1.33522,288.826,0.104,0.012
S2_1,368.0,1.48205,1.31298,288.826,0.139,0.016
S2_1,369.0,1.50171,1.29045,288.826,0.13,0.015
S2_1,370.0,1.52103,1.26762,288.826,0.13,0.015
S2_1,371.0,1.54,1.2445,288.826,0.13,0.015
S2_1,372.0,1.55862,1.2211,273.745,0.14800000000000002,0.018000000000000002
S2_1,373.0,1.57689,1.1974200000000002,273.745,0.123,0.015
S2_1,374.0,1.59479,1.17347,273.745,0.123,0.015
S2_1,375.0,1.6123299999999998,1.14925,275.579,0.149,0.018000000000000002
S2_1,376.0,1.62951,1.12477,275.579,0.132,0.016
S2_1,377.0,1.64631,1.1000299999999998,275.579,0.132,0.016
S2_1,378.0,1.66274,1.07504,275.579,0.132,0.016
S2_1,379.0,1.67878,1.0498,275.579,0.19,0.023
S2_1,380.0,1.69445,1.02433,275.579,0.149,0.018000000000000002
S2_1,381.0,1.70972,0.99862,275.579,0.19,0.023
S2_1,382.0,1.7246099999999998,0.97268,275.579,0.257,0.031
S2_1,383.0,1.73911,0.94653,277.413,0.242,0.029
S2_1,384.0,1.7532,0.92015,299.0660000000001,0.261,0.029
S2_1,385.0,1.7669,0.8935700000000001,299.0660000000001,0.28800000000000003,0.032
S2_1,386.0,1.7801900000000002,0.8667799999999999,293.394,0.247,0.028
S2_1,387.0,1.79308,0.8397899999999999,293.394,0.3,0.034
S2_1,388.0,1.80556,0.81262,293.394,0.309,0.035
S2_1,389.0,1.81763,0.78525,271.65500000000003,0.22,0.027000000000000003
S2_1,390.0,1.82928,0.75771,271.65500000000003,0.253,0.031
S2_1,391.0,1.84052,0.73,271.65500000000003,0.22,0.027000000000000003
S2_1,392.0,1.85133,0.70212,271.65500000000003,0.278,0.034
S2_1,393.0,1.86173,0.67408,271.65500000000003,0.269,0.033
S2_1,394.0,1.87169,0.64588,271.65500000000003,0.204,0.025
S2_1,395.0,1.88124,0.61754,271.65500000000003,0.269,0.033
S2_1,396.0,1.89035,0.58906,295.2510000000001,0.302,0.034
S2_1,397.0,1.89903,0.5604399999999999,295.2510000000001,0.293,0.033
S2_1,398.0,1.90728,0.53169,295.2510000000001,0.311,0.035
S2_1,399.0,1.91509,0.50283,295.2510000000001,0.302,0.034
S2_1,400.0,1.92246,0.47385,295.2510000000001,0.293,0.033
S2_1,401.0,1.9294,0.44476,295.2510000000001,0.275,0.031
S2_1,402.0,1.9359,0.41556,295.2510000000001,0.257,0.029
S2_1,403.0,1.94195,0.38628,279.75699999999995,0.252,0.03
S2_1,404.0,1.94757,0.3569,303.08200000000005,0.301,0.033
S2_1,405.0,1.95274,0.32745,303.08200000000005,0.301,0.033
S2_1,406.0,1.95746,0.29792,305.14600000000013,0.284,0.031
S2_1,407.0,1.96173,0.26832,305.6620000000001,0.266,0.029
S2_1,408.0,1.96556,0.23866,307.564,0.277,0.03
S2_1,409.0,1.96894,0.20895,307.564,0.259,0.028
S2_1,410.0,1.97188,0.17919000000000002,307.564,0.268,0.029
S2_1,411.0,1.97436,0.14939000000000002,307.564,0.24,0.026
S2_1,412.0,1.97639,0.11955,307.564,0.213,0.023
S2_1,413.0,1.97797,0.08968999999999999,307.564,0.194,0.021
S2_1,414.0,1.9791,0.0598,307.564,0.17600000000000002,0.019
S2_1,415.0,1.97977,0.0299,307.564,0.07400000000000001,0.008
